week_end,product_group_code,product_module_code,channel_code,store_zip3,fips_state_descr,volume,sales
2011-01-22,1020,1451,F,357,AL,1.26,5.98
2011-01-29,1020,1451,F,357,AL,0.63,2.99
2011-02-19,1020,1451,F,357,AL,0.63,2.99
2011-03-05,1020,1451,F,357,AL,0.63,2.99
2011-03-12,1020,1451,F,357,AL,0.63,2.99
2011-03-26,1020,1451,F,357,AL,0.63,2.99
2011-04-16,1020,1451,F,357,AL,1.26,5.98
2011-05-07,1020,1451,F,357,AL,0.63,2.99
2011-06-04,1020,1451,F,357,AL,0.63,2.99
2011-06-18,1020,1451,F,357,AL,0.63,2.99
2011-06-25,1020,1451,F,357,AL,0.63,2.99
2011-07-23,1020,1451,F,357,AL,1.26,5.98
2011-07-30,1020,1451,F,357,AL,0.63,2.99
2011-08-06,1020,1451,F,357,AL,0.63,2.99
2011-08-27,1020,1451,F,357,AL,0.63,2.99
2011-09-03,1020,1451,F,357,AL,1.26,5.98
2011-09-17,1020,1451,F,357,AL,0.63,2.99
2011-10-08,1020,1451,F,357,AL,1.26,5.98
2011-10-15,1020,1451,F,357,AL,0.63,2.99
2011-11-05,1020,1451,F,357,AL,0.63,2.99
2011-11-19,1020,1451,F,357,AL,0.63,2.99
2011-12-03,1020,1451,F,357,AL,0.63,2.99
2011-12-10,1020,1451,F,357,AL,0.63,2.99
2011-01-08,1020,1451,F,358,AL,3.15,14.95
2011-01-22,1020,1451,F,358,AL,0.63,2.99
2011-01-29,1020,1451,F,358,AL,2.52,11.96
2011-02-05,1020,1451,F,358,AL,0.63,2.99
2011-02-12,1020,1451,F,358,AL,1.89,8.97
2011-02-26,1020,1451,F,358,AL,0.63,2.99
2011-03-05,1020,1451,F,358,AL,1.89,8.97
2011-03-12,1020,1451,F,358,AL,1.26,5.98
2011-03-19,1020,1451,F,358,AL,3.15,14.95
2011-04-02,1020,1451,F,358,AL,2.52,11.96
2011-04-09,1020,1451,F,358,AL,1.89,8.97
2011-04-16,1020,1451,F,358,AL,1.89,8.97
2011-04-23,1020,1451,F,358,AL,1.89,8.97
2011-05-14,1020,1451,F,358,AL,1.26,5.98
2011-05-21,1020,1451,F,358,AL,0.63,2.99
2011-05-28,1020,1451,F,358,AL,3.78,17.94
2011-06-04,1020,1451,F,358,AL,0.63,2.99
2011-06-11,1020,1451,F,358,AL,1.26,5.98
2011-06-18,1020,1451,F,358,AL,1.89,8.97
2011-06-25,1020,1451,F,358,AL,0.63,2.99
2011-07-02,1020,1451,F,358,AL,0.63,2.99
2011-07-16,1020,1451,F,358,AL,1.89,8.97
2011-07-23,1020,1451,F,358,AL,0.63,2.99
2011-07-30,1020,1451,F,358,AL,3.15,14.95
2011-08-06,1020,1451,F,358,AL,1.26,5.98
2011-08-13,1020,1451,F,358,AL,2.52,11.96
2011-08-20,1020,1451,F,358,AL,1.89,8.97
2011-08-27,1020,1451,F,358,AL,2.52,11.96
2011-09-03,1020,1451,F,358,AL,1.89,8.97
2011-09-10,1020,1451,F,358,AL,3.15,14.95
2011-09-17,1020,1451,F,358,AL,1.89,8.97
2011-09-24,1020,1451,F,358,AL,0.63,2.99
2011-10-08,1020,1451,F,358,AL,1.89,8.97
2011-10-22,1020,1451,F,358,AL,2.52,11.96
2011-10-29,1020,1451,F,358,AL,3.78,17.94
2011-11-05,1020,1451,F,358,AL,1.89,8.97
2011-11-12,1020,1451,F,358,AL,1.26,5.98
2011-11-19,1020,1451,F,358,AL,3.15,14.95
2011-11-26,1020,1451,F,358,AL,1.26,5.98
2011-12-03,1020,1451,F,358,AL,5.04,23.92
2011-12-10,1020,1451,F,358,AL,3.15,14.95
2011-12-17,1020,1451,F,358,AL,3.78,17.94
2011-12-24,1020,1451,F,358,AL,4.41,20.93
2011-12-31,1020,1451,F,358,AL,1.26,5.98
2011-02-19,1020,1451,F,368,AL,0.63,2.99
2011-05-14,1020,1451,F,368,AL,0.63,2.99
2011-05-28,1020,1451,F,368,AL,0.63,2.99
2011-08-27,1020,1451,F,368,AL,0.63,2.99
2011-09-17,1020,1451,F,368,AL,0.63,2.99
2011-09-24,1020,1451,F,368,AL,1.26,2.98
2011-10-22,1020,1451,F,368,AL,0.63,2.99
2011-11-19,1020,1451,F,368,AL,0.63,2.99
2011-11-26,1020,1451,F,368,AL,0.63,2.99
2011-04-16,1020,1451,F,720,AR,0.63,2.99
2011-11-26,1020,1451,F,720,AR,0.63,2.99
2011-12-17,1020,1451,F,720,AR,0.63,2.99
2011-12-24,1020,1451,F,720,AR,0.63,2.99
2011-01-01,1020,1451,F,721,AR,2.52,11.96
2011-01-08,1020,1451,F,721,AR,0.63,2.99
2011-01-22,1020,1451,F,721,AR,1.26,5.98
2011-03-05,1020,1451,F,721,AR,0.63,2.99
2011-03-12,1020,1451,F,721,AR,0.63,2.99
2011-04-09,1020,1451,F,721,AR,3.15,14.95
2011-04-23,1020,1451,F,721,AR,2.52,11.96
2011-06-04,1020,1451,F,721,AR,0.63,2.99
2011-06-11,1020,1451,F,721,AR,0.63,2.99
2011-06-18,1020,1451,F,721,AR,0.63,2.99
2011-06-25,1020,1451,F,721,AR,0.63,2.99
2011-07-02,1020,1451,F,721,AR,1.26,5.98
2011-07-09,1020,1451,F,721,AR,0.63,2.99
2011-07-23,1020,1451,F,721,AR,0.63,2.99
2011-07-30,1020,1451,F,721,AR,0.63,2.99
2011-08-06,1020,1451,F,721,AR,1.26,5.98
2011-08-20,1020,1451,F,721,AR,0.63,2.99
2011-08-27,1020,1451,F,721,AR,1.26,5.98
2011-09-03,1020,1451,F,721,AR,0.63,2.99
2011-09-17,1020,1451,F,721,AR,1.26,5.98
2011-09-24,1020,1451,F,721,AR,0.63,2.99
2011-10-01,1020,1451,F,721,AR,0.63,2.99
2011-10-15,1020,1451,F,721,AR,0.63,2.99
2011-10-22,1020,1451,F,721,AR,0.63,2.99
2011-11-12,1020,1451,F,721,AR,0.63,2.99
2011-11-26,1020,1451,F,721,AR,0.63,2.99
2011-12-10,1020,1451,F,721,AR,0.63,2.99
2011-12-31,1020,1451,F,721,AR,0.63,2.99
2011-01-08,1020,1451,F,864,AZ,6,2.58
2011-01-22,1020,1451,F,864,AZ,6,2.58
2011-01-29,1020,1451,F,864,AZ,6,2.58
2011-02-05,1020,1451,F,864,AZ,3,1.29
2011-02-19,1020,1451,F,864,AZ,9,3.87
2011-03-26,1020,1451,F,864,AZ,12,5.16
2011-04-30,1020,1451,F,864,AZ,6,2.58
2011-05-07,1020,1451,F,864,AZ,3,1.29
2011-05-28,1020,1451,F,864,AZ,6,2.58
2011-06-04,1020,1451,F,864,AZ,3,1.29
2011-06-18,1020,1451,F,864,AZ,3,1.29
2011-07-09,1020,1451,F,864,AZ,12,5.16
2011-07-16,1020,1451,F,864,AZ,3,1.29
2011-08-27,1020,1451,F,864,AZ,3,1.29
2011-09-17,1020,1451,F,864,AZ,3,1.29
2011-10-15,1020,1451,F,864,AZ,6,2.58
2011-10-29,1020,1451,F,864,AZ,6,2.58
2011-12-31,1020,1451,F,864,AZ,3,1.29
2011-01-29,1020,1451,F,900,CA,3,0.99
2011-02-05,1020,1451,F,900,CA,3,0.99
2011-02-19,1020,1451,F,900,CA,3,0.99
2011-02-26,1020,1451,F,900,CA,3,0.99
2011-03-12,1020,1451,F,900,CA,3,0.99
2011-04-02,1020,1451,F,900,CA,3,0.99
2011-08-06,1020,1451,F,900,CA,3,0.99
2011-08-20,1020,1451,F,900,CA,3,0.99
2011-11-19,1020,1451,F,900,CA,3,0.99
2011-01-29,1020,1451,F,902,CA,3,0.99
2011-03-26,1020,1451,F,902,CA,3,0.99
2011-04-02,1020,1451,F,902,CA,3,0.99
2011-04-09,1020,1451,F,902,CA,3,0.99
2011-05-07,1020,1451,F,902,CA,9,2.97
2011-05-21,1020,1451,F,902,CA,3,0.99
2011-08-06,1020,1451,F,902,CA,3,0.99
2011-09-03,1020,1451,F,902,CA,9,2.97
2011-09-10,1020,1451,F,902,CA,3,0.99
2011-01-22,1020,1451,F,906,CA,3,0.99
2011-04-09,1020,1451,F,906,CA,6,1.98
2011-04-30,1020,1451,F,906,CA,3,0.99
2011-05-21,1020,1451,F,906,CA,3,0.99
2011-10-15,1020,1451,F,906,CA,3,0.99
2011-10-22,1020,1451,F,906,CA,3,0.99
2011-03-19,1020,1451,F,907,CA,3,0.99
2011-03-26,1020,1451,F,907,CA,3,0.99
2011-01-08,1020,1451,F,908,CA,3,0.99
2011-03-05,1020,1451,F,908,CA,3,0.99
2011-08-06,1020,1451,F,908,CA,3,0.99
2011-07-16,1020,1451,F,921,CA,3,0.99
2011-08-13,1020,1451,F,921,CA,6,1.98
2011-09-24,1020,1451,F,921,CA,3,0.99
2011-12-17,1020,1451,F,921,CA,3,0.99
2011-01-01,1020,1451,F,300,GA,37.8,179.4
2011-01-08,1020,1451,F,300,GA,46.62,221.26
2011-01-15,1020,1451,F,300,GA,32.13,152.49
2011-01-22,1020,1451,F,300,GA,39.06,185.38
2011-01-29,1020,1451,F,300,GA,24.57,116.61
2011-02-05,1020,1451,F,300,GA,11.34,53.82
2011-02-12,1020,1451,F,300,GA,12.6,59.8
2011-02-19,1020,1451,F,300,GA,20.79,98.67
2011-02-26,1020,1451,F,300,GA,14.49,68.77
2011-03-05,1020,1451,F,300,GA,7.56,35.88
2011-03-12,1020,1451,F,300,GA,21.42,101.66
2011-03-19,1020,1451,F,300,GA,37.8,179.4
2011-03-26,1020,1451,F,300,GA,50.4,239.2
2011-04-02,1020,1451,F,300,GA,42.84,203.32
2011-04-09,1020,1451,F,300,GA,30.24,143.52
2011-04-16,1020,1451,F,300,GA,37.17,176.41
2011-04-23,1020,1451,F,300,GA,37.8,179.4
2011-04-30,1020,1451,F,300,GA,34.65,164.45
2011-05-07,1020,1451,F,300,GA,34.02,161.46
2011-05-14,1020,1451,F,300,GA,30.87,146.51
2011-05-21,1020,1451,F,300,GA,31.5,149.5
2011-05-28,1020,1451,F,300,GA,25.83,122.59
2011-06-04,1020,1451,F,300,GA,31.5,147.97
2011-06-11,1020,1451,F,300,GA,33.39,158.47
2011-06-18,1020,1451,F,300,GA,27.09,128.57
2011-06-25,1020,1451,F,300,GA,34.65,162.97
2011-07-02,1020,1451,F,300,GA,31.5,148
2011-07-09,1020,1451,F,300,GA,33.39,157.03
2011-07-16,1020,1451,F,300,GA,31.5,149.5
2011-07-23,1020,1451,F,300,GA,33.39,158.47
2011-07-30,1020,1451,F,300,GA,32.13,152.49
2011-08-06,1020,1451,F,300,GA,27.09,127.07
2011-08-13,1020,1451,F,300,GA,28.98,136.04
2011-08-20,1020,1451,F,300,GA,37.8,179.4
2011-08-27,1020,1451,F,300,GA,30.87,146.51
2011-09-03,1020,1451,F,300,GA,35.91,170.43
2011-09-10,1020,1451,F,300,GA,37.17,176.41
2011-09-17,1020,1451,F,300,GA,37.17,176.41
2011-09-24,1020,1451,F,300,GA,39.69,188.37
2011-10-01,1020,1451,F,300,GA,22.05,104.65
2011-10-08,1020,1451,F,300,GA,12.6,59.8
2011-10-15,1020,1451,F,300,GA,20.79,98.67
2011-10-22,1020,1451,F,300,GA,37.8,179.4
2011-10-29,1020,1451,F,300,GA,48.51,230.23
2011-11-05,1020,1451,F,300,GA,42.84,203.32
2011-11-12,1020,1451,F,300,GA,53.55,254.15
2011-11-19,1020,1451,F,300,GA,50.4,239.2
2011-11-26,1020,1451,F,300,GA,42.84,203.32
2011-12-03,1020,1451,F,300,GA,46.62,221.26
2011-12-10,1020,1451,F,300,GA,51.66,242.24
2011-12-17,1020,1451,F,300,GA,59.85,284.05
2011-12-24,1020,1451,F,300,GA,61.11,290.03
2011-12-31,1020,1451,F,300,GA,42.21,198.81
2011-01-01,1020,1451,F,301,GA,7.56,35.88
2011-01-08,1020,1451,F,301,GA,10.71,50.83
2011-01-15,1020,1451,F,301,GA,8.19,38.87
2011-01-22,1020,1451,F,301,GA,11.34,53.82
2011-01-29,1020,1451,F,301,GA,6.93,32.89
2011-02-05,1020,1451,F,301,GA,1.89,8.97
2011-02-19,1020,1451,F,301,GA,2.52,11.96
2011-02-26,1020,1451,F,301,GA,0.63,2.99
2011-03-05,1020,1451,F,301,GA,1.26,5.98
2011-03-12,1020,1451,F,301,GA,1.26,5.98
2011-03-19,1020,1451,F,301,GA,6.3,29.9
2011-03-26,1020,1451,F,301,GA,8.82,41.86
2011-04-02,1020,1451,F,301,GA,7.56,35.88
2011-04-09,1020,1451,F,301,GA,3.78,17.94
2011-04-16,1020,1451,F,301,GA,10.71,50.83
2011-04-23,1020,1451,F,301,GA,6.3,29.9
2011-04-30,1020,1451,F,301,GA,3.15,14.95
2011-05-07,1020,1451,F,301,GA,6.93,32.89
2011-05-14,1020,1451,F,301,GA,8.82,41.86
2011-05-21,1020,1451,F,301,GA,9.45,44.85
2011-05-28,1020,1451,F,301,GA,11.97,56.81
2011-06-04,1020,1451,F,301,GA,4.41,20.93
2011-06-11,1020,1451,F,301,GA,7.56,35.88
2011-06-18,1020,1451,F,301,GA,6.93,32.89
2011-06-25,1020,1451,F,301,GA,6.93,32.89
2011-07-02,1020,1451,F,301,GA,3.15,14.95
2011-07-09,1020,1451,F,301,GA,5.67,26.91
2011-07-16,1020,1451,F,301,GA,11.97,56.81
2011-07-23,1020,1451,F,301,GA,8.19,38.87
2011-07-30,1020,1451,F,301,GA,3.15,14.95
2011-08-06,1020,1451,F,301,GA,7.56,35.88
2011-08-13,1020,1451,F,301,GA,8.19,38.87
2011-08-20,1020,1451,F,301,GA,12.6,59.8
2011-08-27,1020,1451,F,301,GA,6.3,29.9
2011-09-03,1020,1451,F,301,GA,10.71,50.83
2011-09-10,1020,1451,F,301,GA,16.38,77.74
2011-09-17,1020,1451,F,301,GA,14.49,68.77
2011-09-24,1020,1451,F,301,GA,7.56,35.88
2011-10-01,1020,1451,F,301,GA,9.45,44.85
2011-10-08,1020,1451,F,301,GA,2.52,11.96
2011-10-15,1020,1451,F,301,GA,2.52,11.96
2011-10-22,1020,1451,F,301,GA,24.57,115.11
2011-10-29,1020,1451,F,301,GA,12.6,59.8
2011-11-05,1020,1451,F,301,GA,14.49,68.77
2011-11-12,1020,1451,F,301,GA,9.45,44.85
2011-11-19,1020,1451,F,301,GA,22.68,107.64
2011-11-26,1020,1451,F,301,GA,16.38,77.74
2011-12-03,1020,1451,F,301,GA,22.05,104.65
2011-12-10,1020,1451,F,301,GA,16.38,77.74
2011-12-17,1020,1451,F,301,GA,17.64,83.72
2011-12-24,1020,1451,F,301,GA,15.75,73.25
2011-12-31,1020,1451,F,301,GA,10.71,50.83
2011-01-01,1020,1451,F,302,GA,7.56,35.88
2011-01-08,1020,1451,F,302,GA,12.6,59.8
2011-01-15,1020,1451,F,302,GA,10.71,50.83
2011-01-22,1020,1451,F,302,GA,8.82,41.86
2011-01-29,1020,1451,F,302,GA,5.04,23.92
2011-02-05,1020,1451,F,302,GA,5.67,26.91
2011-02-12,1020,1451,F,302,GA,4.41,20.93
2011-02-19,1020,1451,F,302,GA,2.52,11.96
2011-02-26,1020,1451,F,302,GA,2.52,11.96
2011-03-05,1020,1451,F,302,GA,1.89,8.97
2011-03-12,1020,1451,F,302,GA,3.15,14.95
2011-03-19,1020,1451,F,302,GA,11.97,56.81
2011-03-26,1020,1451,F,302,GA,11.34,53.82
2011-04-02,1020,1451,F,302,GA,3.15,14.95
2011-04-09,1020,1451,F,302,GA,7.56,35.88
2011-04-16,1020,1451,F,302,GA,6.93,32.89
2011-04-23,1020,1451,F,302,GA,7.56,35.88
2011-04-30,1020,1451,F,302,GA,8.19,38.87
2011-05-07,1020,1451,F,302,GA,6.3,28.4
2011-05-14,1020,1451,F,302,GA,10.08,47.84
2011-05-21,1020,1451,F,302,GA,8.19,38.87
2011-05-28,1020,1451,F,302,GA,3.15,14.95
2011-06-04,1020,1451,F,302,GA,10.71,50.83
2011-06-11,1020,1451,F,302,GA,8.82,41.86
2011-06-18,1020,1451,F,302,GA,8.19,38.87
2011-06-25,1020,1451,F,302,GA,5.04,23.92
2011-07-02,1020,1451,F,302,GA,5.67,26.91
2011-07-09,1020,1451,F,302,GA,5.04,23.92
2011-07-16,1020,1451,F,302,GA,11.97,56.81
2011-07-23,1020,1451,F,302,GA,7.56,35.88
2011-07-30,1020,1451,F,302,GA,9.45,44.85
2011-08-06,1020,1451,F,302,GA,6.3,29.9
2011-08-13,1020,1451,F,302,GA,15.75,74.75
2011-08-20,1020,1451,F,302,GA,22.05,104.65
2011-08-27,1020,1451,F,302,GA,8.82,41.86
2011-09-03,1020,1451,F,302,GA,10.71,50.83
2011-09-10,1020,1451,F,302,GA,10.08,47.84
2011-09-17,1020,1451,F,302,GA,8.19,38.87
2011-09-24,1020,1451,F,302,GA,6.93,32.89
2011-10-01,1020,1451,F,302,GA,6.93,32.89
2011-10-08,1020,1451,F,302,GA,5.67,25.41
2011-10-15,1020,1451,F,302,GA,2.52,11.96
2011-10-22,1020,1451,F,302,GA,14.49,68.77
2011-10-29,1020,1451,F,302,GA,6.93,32.89
2011-11-05,1020,1451,F,302,GA,8.82,41.86
2011-11-12,1020,1451,F,302,GA,14.49,68.77
2011-11-19,1020,1451,F,302,GA,17.01,80.73
2011-11-26,1020,1451,F,302,GA,13.86,65.78
2011-12-03,1020,1451,F,302,GA,14.49,68.77
2011-12-10,1020,1451,F,302,GA,6.93,32.89
2011-12-17,1020,1451,F,302,GA,15.12,71.76
2011-12-24,1020,1451,F,302,GA,14.49,68.77
2011-12-31,1020,1451,F,302,GA,8.19,38.87
2011-01-01,1020,1451,F,303,GA,11.97,56.81
2011-01-08,1020,1451,F,303,GA,17.01,80.73
2011-01-15,1020,1451,F,303,GA,12.6,59.8
2011-01-22,1020,1451,F,303,GA,13.86,65.78
2011-01-29,1020,1451,F,303,GA,6.3,29.9
2011-02-05,1020,1451,F,303,GA,6.93,32.89
2011-02-12,1020,1451,F,303,GA,3.15,14.95
2011-02-19,1020,1451,F,303,GA,7.56,35.88
2011-02-26,1020,1451,F,303,GA,1.26,5.98
2011-03-05,1020,1451,F,303,GA,0.63,2.99
2011-03-12,1020,1451,F,303,GA,3.15,14.95
2011-03-19,1020,1451,F,303,GA,14.49,68.77
2011-03-26,1020,1451,F,303,GA,8.82,41.86
2011-04-02,1020,1451,F,303,GA,9.45,44.85
2011-04-09,1020,1451,F,303,GA,13.23,62.79
2011-04-16,1020,1451,F,303,GA,9.45,44.85
2011-04-23,1020,1451,F,303,GA,11.34,53.82
2011-04-30,1020,1451,F,303,GA,10.71,50.83
2011-05-07,1020,1451,F,303,GA,12.6,59.8
2011-05-14,1020,1451,F,303,GA,13.23,62.79
2011-05-21,1020,1451,F,303,GA,13.86,65.78
2011-05-28,1020,1451,F,303,GA,10.71,50.83
2011-06-04,1020,1451,F,303,GA,8.82,34.36
2011-06-11,1020,1451,F,303,GA,6.3,29.9
2011-06-18,1020,1451,F,303,GA,12.6,59.8
2011-06-25,1020,1451,F,303,GA,6.3,29.9
2011-07-02,1020,1451,F,303,GA,8.19,38.87
2011-07-09,1020,1451,F,303,GA,11.34,53.82
2011-07-16,1020,1451,F,303,GA,8.82,41.86
2011-07-23,1020,1451,F,303,GA,4.41,20.93
2011-07-30,1020,1451,F,303,GA,5.04,23.92
2011-08-06,1020,1451,F,303,GA,4.41,20.93
2011-08-13,1020,1451,F,303,GA,6.3,29.9
2011-08-20,1020,1451,F,303,GA,9.45,44.85
2011-08-27,1020,1451,F,303,GA,2.52,11.96
2011-09-03,1020,1451,F,303,GA,8.19,38.87
2011-09-10,1020,1451,F,303,GA,7.56,35.88
2011-09-17,1020,1451,F,303,GA,11.97,56.81
2011-09-24,1020,1451,F,303,GA,8.19,38.87
2011-10-01,1020,1451,F,303,GA,6.3,29.9
2011-10-08,1020,1451,F,303,GA,8.19,38.87
2011-10-15,1020,1451,F,303,GA,9.45,44.85
2011-10-22,1020,1451,F,303,GA,13.23,62.79
2011-10-29,1020,1451,F,303,GA,10.71,50.83
2011-11-05,1020,1451,F,303,GA,13.86,65.78
2011-11-12,1020,1451,F,303,GA,11.97,56.81
2011-11-19,1020,1451,F,303,GA,20.16,94.18
2011-11-26,1020,1451,F,303,GA,11.34,52.32
2011-12-03,1020,1451,F,303,GA,15.75,74.75
2011-12-10,1020,1451,F,303,GA,11.97,56.81
2011-12-17,1020,1451,F,303,GA,13.86,65.78
2011-12-24,1020,1451,F,303,GA,15.75,74.75
2011-12-31,1020,1451,F,303,GA,13.86,65.78
2011-01-15,1020,1451,F,305,GA,0.63,2.99
2011-01-22,1020,1451,F,305,GA,1.89,8.97
2011-02-05,1020,1451,F,305,GA,1.26,5.98
2011-02-19,1020,1451,F,305,GA,0.63,2.99
2011-02-26,1020,1451,F,305,GA,1.26,5.98
2011-03-19,1020,1451,F,305,GA,0.63,2.99
2011-04-02,1020,1451,F,305,GA,0.63,2.99
2011-04-09,1020,1451,F,305,GA,0.63,2.99
2011-04-16,1020,1451,F,305,GA,1.89,8.97
2011-04-23,1020,1451,F,305,GA,0.63,2.99
2011-04-30,1020,1451,F,305,GA,0.63,2.99
2011-05-21,1020,1451,F,305,GA,1.26,5.98
2011-05-28,1020,1451,F,305,GA,0.63,2.99
2011-06-25,1020,1451,F,305,GA,0.63,2.99
2011-07-02,1020,1451,F,305,GA,0.63,2.99
2011-07-09,1020,1451,F,305,GA,0.63,2.99
2011-07-16,1020,1451,F,305,GA,0.63,2.99
2011-07-30,1020,1451,F,305,GA,0.63,2.99
2011-08-13,1020,1451,F,305,GA,0.63,2.99
2011-09-03,1020,1451,F,305,GA,0.63,2.99
2011-09-17,1020,1451,F,305,GA,1.26,5.98
2011-09-24,1020,1451,F,305,GA,1.89,8.97
2011-10-08,1020,1451,F,305,GA,0.63,2.99
2011-10-15,1020,1451,F,305,GA,0.63,2.99
2011-10-22,1020,1451,F,305,GA,2.52,11.96
2011-10-29,1020,1451,F,305,GA,0.63,2.99
2011-11-05,1020,1451,F,305,GA,0.63,2.99
2011-11-12,1020,1451,F,305,GA,1.26,5.98
2011-11-19,1020,1451,F,305,GA,1.26,5.98
2011-11-26,1020,1451,F,305,GA,1.26,5.98
2011-12-10,1020,1451,F,305,GA,0.63,2.99
2011-12-17,1020,1451,F,305,GA,0.63,2.99
2011-12-24,1020,1451,F,305,GA,0.63,2.99
2011-12-31,1020,1451,F,305,GA,0.63,2.99
2011-01-01,1020,1451,F,306,GA,0.63,2.99
2011-01-08,1020,1451,F,306,GA,0.63,2.99
2011-01-15,1020,1451,F,306,GA,3.15,14.95
2011-01-22,1020,1451,F,306,GA,3.15,14.95
2011-01-29,1020,1451,F,306,GA,1.89,8.97
2011-02-05,1020,1451,F,306,GA,0.63,2.99
2011-03-19,1020,1451,F,306,GA,0.63,2.99
2011-04-09,1020,1451,F,306,GA,0.63,2.99
2011-04-16,1020,1451,F,306,GA,1.26,5.98
2011-05-07,1020,1451,F,306,GA,1.26,5.98
2011-05-14,1020,1451,F,306,GA,1.26,5.98
2011-05-28,1020,1451,F,306,GA,0.63,2.99
2011-06-11,1020,1451,F,306,GA,1.26,5.98
2011-06-18,1020,1451,F,306,GA,1.26,5.98
2011-06-25,1020,1451,F,306,GA,0.63,2.99
2011-07-02,1020,1451,F,306,GA,0.63,2.99
2011-07-16,1020,1451,F,306,GA,1.26,5.98
2011-07-23,1020,1451,F,306,GA,0.63,2.99
2011-07-30,1020,1451,F,306,GA,0.63,2.99
2011-08-13,1020,1451,F,306,GA,0.63,2.99
2011-08-20,1020,1451,F,306,GA,0.63,2.99
2011-09-03,1020,1451,F,306,GA,0.63,2.99
2011-09-10,1020,1451,F,306,GA,0.63,2.99
2011-09-17,1020,1451,F,306,GA,0.63,2.99
2011-09-24,1020,1451,F,306,GA,0.63,2.99
2011-10-01,1020,1451,F,306,GA,0.63,2.99
2011-10-08,1020,1451,F,306,GA,0.63,2.99
2011-10-15,1020,1451,F,306,GA,0.63,2.99
2011-10-22,1020,1451,F,306,GA,1.26,5.98
2011-10-29,1020,1451,F,306,GA,0.63,2.99
2011-11-05,1020,1451,F,306,GA,0.63,2.99
2011-11-19,1020,1451,F,306,GA,3.15,14.95
2011-11-26,1020,1451,F,306,GA,1.89,8.97
2011-12-03,1020,1451,F,306,GA,1.26,5.98
2011-12-17,1020,1451,F,306,GA,2.52,11.96
2011-12-24,1020,1451,F,306,GA,1.89,8.97
2011-12-31,1020,1451,F,306,GA,1.89,8.97
2011-01-08,1020,1451,F,307,GA,0.63,2.99
2011-03-19,1020,1451,F,307,GA,0.63,2.99
2011-05-28,1020,1451,F,307,GA,0.63,2.99
2011-09-03,1020,1451,F,307,GA,0.63,2.99
2011-12-17,1020,1451,F,307,GA,0.63,2.99
2011-01-08,1020,1451,F,308,GA,0.63,2.99
2011-02-19,1020,1451,F,308,GA,0.63,2.99
2011-02-26,1020,1451,F,308,GA,0.63,2.99
2011-03-05,1020,1451,F,308,GA,0.63,2.99
2011-03-19,1020,1451,F,308,GA,0.63,2.99
2011-04-16,1020,1451,F,308,GA,0.63,2.99
2011-04-30,1020,1451,F,308,GA,1.26,5.98
2011-06-18,1020,1451,F,308,GA,0.63,2.99
2011-07-09,1020,1451,F,308,GA,1.26,5.98
2011-07-16,1020,1451,F,308,GA,0.63,2.99
2011-07-23,1020,1451,F,308,GA,0.63,2.99
2011-08-20,1020,1451,F,308,GA,0.63,2.99
2011-10-22,1020,1451,F,308,GA,0.63,2.99
2011-11-26,1020,1451,F,308,GA,0.63,2.99
2011-12-03,1020,1451,F,308,GA,1.89,8.97
2011-12-24,1020,1451,F,308,GA,0.63,2.99
2011-12-31,1020,1451,F,308,GA,0.63,2.99
2011-01-01,1020,1451,F,309,GA,2.52,11.96
2011-01-08,1020,1451,F,309,GA,5.67,26.91
2011-01-15,1020,1451,F,309,GA,1.89,8.97
2011-01-22,1020,1451,F,309,GA,1.26,5.98
2011-01-29,1020,1451,F,309,GA,2.52,11.96
2011-02-05,1020,1451,F,309,GA,0.63,2.99
2011-02-12,1020,1451,F,309,GA,1.26,5.98
2011-02-19,1020,1451,F,309,GA,0.63,2.99
2011-02-26,1020,1451,F,309,GA,2.52,11.96
2011-03-12,1020,1451,F,309,GA,0.63,2.99
2011-03-19,1020,1451,F,309,GA,0.63,2.99
2011-03-26,1020,1451,F,309,GA,4.41,20.93
2011-04-02,1020,1451,F,309,GA,1.89,8.97
2011-04-09,1020,1451,F,309,GA,4.41,20.93
2011-04-16,1020,1451,F,309,GA,1.89,8.97
2011-04-23,1020,1451,F,309,GA,1.89,8.97
2011-04-30,1020,1451,F,309,GA,1.26,5.98
2011-05-07,1020,1451,F,309,GA,0.63,2.99
2011-05-14,1020,1451,F,309,GA,0.63,2.99
2011-05-21,1020,1451,F,309,GA,3.15,14.95
2011-05-28,1020,1451,F,309,GA,1.89,8.97
2011-06-04,1020,1451,F,309,GA,0.63,2.99
2011-06-11,1020,1451,F,309,GA,0.63,2.99
2011-06-18,1020,1451,F,309,GA,1.89,8.97
2011-06-25,1020,1451,F,309,GA,2.52,11.96
2011-07-02,1020,1451,F,309,GA,2.52,11.96
2011-07-16,1020,1451,F,309,GA,1.89,8.97
2011-07-30,1020,1451,F,309,GA,1.26,5.98
2011-08-06,1020,1451,F,309,GA,0.63,2.99
2011-08-13,1020,1451,F,309,GA,1.26,5.98
2011-08-27,1020,1451,F,309,GA,1.26,5.98
2011-09-03,1020,1451,F,309,GA,1.89,8.97
2011-09-10,1020,1451,F,309,GA,3.78,17.94
2011-09-17,1020,1451,F,309,GA,3.15,14.95
2011-09-24,1020,1451,F,309,GA,1.26,5.98
2011-10-01,1020,1451,F,309,GA,1.89,8.97
2011-10-08,1020,1451,F,309,GA,1.89,8.97
2011-10-15,1020,1451,F,309,GA,1.26,5.98
2011-10-22,1020,1451,F,309,GA,3.78,17.94
2011-10-29,1020,1451,F,309,GA,5.67,26.91
2011-11-05,1020,1451,F,309,GA,3.78,17.94
2011-11-12,1020,1451,F,309,GA,5.04,23.92
2011-11-19,1020,1451,F,309,GA,5.04,23.92
2011-11-26,1020,1451,F,309,GA,3.15,14.95
2011-12-03,1020,1451,F,309,GA,4.41,20.93
2011-12-10,1020,1451,F,309,GA,2.52,11.96
2011-12-17,1020,1451,F,309,GA,3.15,14.95
2011-12-24,1020,1451,F,309,GA,5.04,23.92
2011-12-31,1020,1451,F,309,GA,2.52,11.96
2011-01-01,1020,1451,F,310,GA,1.89,8.97
2011-01-08,1020,1451,F,310,GA,0.63,2.99
2011-01-15,1020,1451,F,310,GA,0.63,2.99
2011-01-22,1020,1451,F,310,GA,1.26,5.98
2011-02-05,1020,1451,F,310,GA,1.26,5.98
2011-02-26,1020,1451,F,310,GA,0.63,2.99
2011-03-05,1020,1451,F,310,GA,0.63,2.99
2011-04-16,1020,1451,F,310,GA,0.63,2.99
2011-04-23,1020,1451,F,310,GA,0.63,2.99
2011-04-30,1020,1451,F,310,GA,0.63,2.99
2011-06-04,1020,1451,F,310,GA,0.63,2.99
2011-07-23,1020,1451,F,310,GA,0.63,2.99
2011-09-10,1020,1451,F,310,GA,0.63,2.99
2011-10-01,1020,1451,F,310,GA,0.63,2.99
2011-10-15,1020,1451,F,310,GA,0.63,2.99
2011-11-19,1020,1451,F,310,GA,0.63,2.99
2011-03-26,1020,1451,F,312,GA,0.63,2.99
2011-04-02,1020,1451,F,312,GA,0.63,2.99
2011-04-16,1020,1451,F,312,GA,0.63,2.99
2011-05-21,1020,1451,F,312,GA,1.26,5.98
2011-06-04,1020,1451,F,312,GA,1.26,5.98
2011-07-02,1020,1451,F,312,GA,0.63,2.99
2011-07-09,1020,1451,F,312,GA,1.26,5.98
2011-10-15,1020,1451,F,312,GA,0.63,2.99
2011-10-22,1020,1451,F,312,GA,0.63,2.99
2011-11-26,1020,1451,F,312,GA,0.63,2.99
2011-12-03,1020,1451,F,312,GA,0.63,2.99
2011-01-01,1020,1451,F,313,GA,0.63,2.99
2011-01-08,1020,1451,F,313,GA,0.63,2.99
2011-02-19,1020,1451,F,313,GA,0.63,2.99
2011-03-05,1020,1451,F,313,GA,0.63,2.99
2011-03-12,1020,1451,F,313,GA,0.63,2.99
2011-04-02,1020,1451,F,313,GA,0.63,2.99
2011-04-09,1020,1451,F,313,GA,0.63,2.99
2011-04-16,1020,1451,F,313,GA,0.63,2.99
2011-05-21,1020,1451,F,313,GA,0.63,2.99
2011-05-28,1020,1451,F,313,GA,1.89,8.97
2011-07-16,1020,1451,F,313,GA,0.63,2.99
2011-07-30,1020,1451,F,313,GA,1.26,5.98
2011-08-20,1020,1451,F,313,GA,0.63,2.99
2011-09-10,1020,1451,F,313,GA,0.63,2.99
2011-10-08,1020,1451,F,313,GA,0.63,2.99
2011-10-22,1020,1451,F,313,GA,0.63,2.99
2011-11-19,1020,1451,F,313,GA,0.63,2.99
2011-12-31,1020,1451,F,313,GA,2.52,11.96
2011-01-01,1020,1451,F,314,GA,1.26,5.98
2011-01-29,1020,1451,F,314,GA,0.63,2.99
2011-02-12,1020,1451,F,314,GA,0.63,2.99
2011-02-19,1020,1451,F,314,GA,0.63,2.99
2011-04-09,1020,1451,F,314,GA,0.63,2.99
2011-04-16,1020,1451,F,314,GA,0.63,2.99
2011-04-23,1020,1451,F,314,GA,1.26,5.98
2011-04-30,1020,1451,F,314,GA,0.63,2.99
2011-05-07,1020,1451,F,314,GA,0.63,2.99
2011-05-21,1020,1451,F,314,GA,0.63,2.99
2011-05-28,1020,1451,F,314,GA,0.63,2.99
2011-06-11,1020,1451,F,314,GA,1.26,5.98
2011-06-18,1020,1451,F,314,GA,1.89,8.97
2011-07-23,1020,1451,F,314,GA,0.63,2.99
2011-07-30,1020,1451,F,314,GA,1.89,8.97
2011-08-13,1020,1451,F,314,GA,0.63,2.99
2011-08-27,1020,1451,F,314,GA,0.63,2.99
2011-09-10,1020,1451,F,314,GA,1.26,5.98
2011-09-17,1020,1451,F,314,GA,1.26,5.98
2011-09-24,1020,1451,F,314,GA,0.63,2.99
2011-10-01,1020,1451,F,314,GA,1.26,5.98
2011-10-22,1020,1451,F,314,GA,1.89,8.97
2011-11-12,1020,1451,F,314,GA,0.63,2.99
2011-11-19,1020,1451,F,314,GA,0.63,2.99
2011-12-03,1020,1451,F,314,GA,1.26,5.98
2011-12-10,1020,1451,F,314,GA,0.63,2.99
2011-12-17,1020,1451,F,314,GA,1.89,8.97
2011-12-24,1020,1451,F,314,GA,1.89,8.97
2011-12-31,1020,1451,F,314,GA,1.26,5.98
2011-07-30,1020,1451,F,666,KS,3,1.09
2011-11-19,1020,1451,F,666,KS,3,1.09
2011-11-26,1020,1451,F,666,KS,3,1.09
2011-01-22,1020,1451,F,678,KS,3,1.09
2011-03-26,1020,1451,F,678,KS,3,1.09
2011-06-04,1020,1451,F,678,KS,3,1.09
2011-07-16,1020,1451,F,678,KS,3,1.09
2011-07-30,1020,1451,F,678,KS,6,2.18
2011-09-17,1020,1451,F,678,KS,3,1.09
2011-10-22,1020,1451,F,678,KS,3,1.09
2011-11-05,1020,1451,F,678,KS,3,1.09
2011-11-26,1020,1451,F,678,KS,6,2.18
2011-02-19,1020,1451,F,403,KY,0.63,2.89
2011-07-30,1020,1451,F,403,KY,0.63,2.89
2011-01-01,1020,1451,F,405,KY,1.26,5.78
2011-01-08,1020,1451,F,405,KY,1.26,5.78
2011-01-15,1020,1451,F,405,KY,0.63,2.89
2011-01-22,1020,1451,F,405,KY,0.63,2.89
2011-01-29,1020,1451,F,405,KY,0.63,2.89
2011-03-05,1020,1451,F,405,KY,0.63,2.89
2011-03-12,1020,1451,F,405,KY,0.63,2.89
2011-03-26,1020,1451,F,405,KY,0.63,2.89
2011-04-16,1020,1451,F,405,KY,0.63,2.89
2011-05-07,1020,1451,F,405,KY,0.63,2.89
2011-07-30,1020,1451,F,405,KY,1.26,5.78
2011-08-06,1020,1451,F,405,KY,0.63,2.89
2011-08-13,1020,1451,F,405,KY,0.63,2.89
2011-08-27,1020,1451,F,405,KY,0.63,2.89
2011-09-10,1020,1451,F,405,KY,0.63,2.89
2011-09-17,1020,1451,F,405,KY,0.63,2.89
2011-10-22,1020,1451,F,405,KY,0.63,2.89
2011-11-05,1020,1451,F,405,KY,1.26,5.78
2011-11-12,1020,1451,F,405,KY,1.26,5.78
2011-12-03,1020,1451,F,405,KY,0.63,2.89
2011-12-24,1020,1451,F,405,KY,0.63,2.89
2011-05-14,1020,1451,F,390,MS,0.63,2.99
2011-10-29,1020,1451,F,390,MS,0.63,2.99
2011-01-22,1020,1451,F,391,MS,3.15,5
2011-02-12,1020,1451,F,391,MS,0.63,2.99
2011-04-30,1020,1451,F,391,MS,0.63,2.99
2011-07-02,1020,1451,F,391,MS,3.15,7.45
2011-07-09,1020,1451,F,391,MS,1.89,4.47
2011-07-16,1020,1451,F,391,MS,0.63,1.49
2011-07-30,1020,1451,F,391,MS,1.26,2.98
2011-08-13,1020,1451,F,391,MS,0.63,1.49
2011-08-27,1020,1451,F,391,MS,1.26,2.98
2011-09-17,1020,1451,F,391,MS,3.78,4.74
2011-12-17,1020,1451,F,391,MS,0.63,2.99
2011-01-08,1020,1451,F,392,MS,1.26,5.98
2011-01-15,1020,1451,F,392,MS,0.63,2.99
2011-02-19,1020,1451,F,392,MS,0.63,2.99
2011-02-26,1020,1451,F,392,MS,0.63,2.99
2011-04-23,1020,1451,F,392,MS,0.63,2.99
2011-06-18,1020,1451,F,392,MS,0.63,2.99
2011-07-09,1020,1451,F,392,MS,0.63,2.99
2011-08-20,1020,1451,F,392,MS,0.63,2.99
2011-10-15,1020,1451,F,392,MS,0.63,2.99
2011-10-29,1020,1451,F,392,MS,0.63,2.99
2011-11-12,1020,1451,F,392,MS,1.26,5.98
2011-11-19,1020,1451,F,392,MS,0.63,2.99
2011-11-26,1020,1451,F,392,MS,0.63,2.99
2011-12-17,1020,1451,F,392,MS,0.63,2.99
2011-12-24,1020,1451,F,392,MS,0.63,2.99
2011-01-08,1020,1451,F,276,NC,0.63,2.99
2011-01-15,1020,1451,F,276,NC,0.63,2.99
2011-02-05,1020,1451,F,276,NC,1.26,5.98
2011-02-19,1020,1451,F,276,NC,0.63,2.99
2011-02-26,1020,1451,F,276,NC,0.63,2.99
2011-03-05,1020,1451,F,276,NC,0.63,2.99
2011-03-12,1020,1451,F,276,NC,0.63,2.99
2011-05-28,1020,1451,F,276,NC,1.89,1.8
2011-06-04,1020,1451,F,276,NC,1.26,5.98
2011-07-02,1020,1451,F,276,NC,0.63,2.99
2011-07-16,1020,1451,F,276,NC,0.63,2.99
2011-09-03,1020,1451,F,276,NC,0.63,2.99
2011-09-17,1020,1451,F,276,NC,1.26,5.98
2011-01-08,1020,1451,F,277,NC,0.63,2.99
2011-01-15,1020,1451,F,277,NC,0.63,2.99
2011-02-12,1020,1451,F,277,NC,0.63,2.99
2011-03-26,1020,1451,F,277,NC,0.63,2.99
2011-04-16,1020,1451,F,277,NC,1.89,8.97
2011-04-23,1020,1451,F,277,NC,0.63,2.99
2011-04-30,1020,1451,F,277,NC,0.63,2.99
2011-05-21,1020,1451,F,277,NC,0.63,2.99
2011-05-28,1020,1451,F,277,NC,0.63,2.99
2011-06-18,1020,1451,F,277,NC,0.63,2.99
2011-08-06,1020,1451,F,277,NC,0.63,2.99
2011-08-13,1020,1451,F,277,NC,1.26,5.98
2011-08-27,1020,1451,F,277,NC,0.63,2.99
2011-09-03,1020,1451,F,277,NC,1.26,5.98
2011-09-10,1020,1451,F,277,NC,0.63,2.99
2011-10-08,1020,1451,F,277,NC,2.52,11.96
2011-10-15,1020,1451,F,277,NC,0.63,2.99
2011-10-22,1020,1451,F,277,NC,0.63,2.99
2011-11-19,1020,1451,F,277,NC,0.63,2.99
2011-11-26,1020,1451,F,277,NC,1.26,5.98
2011-12-03,1020,1451,F,277,NC,0.63,2.99
2011-12-10,1020,1451,F,277,NC,1.89,8.97
2011-12-24,1020,1451,F,277,NC,0.63,2.99
2011-02-05,1020,1451,F,890,NV,3,1.29
2011-02-19,1020,1451,F,890,NV,6,2.58
2011-03-19,1020,1451,F,890,NV,3,1.29
2011-09-10,1020,1451,F,890,NV,3,1.29
2011-11-05,1020,1451,F,890,NV,6,2.58
2011-12-24,1020,1451,F,890,NV,6,2.58
2011-01-01,1020,1451,F,891,NV,6,2.58
2011-01-15,1020,1451,F,891,NV,3,1.29
2011-01-22,1020,1451,F,891,NV,6,2.23
2011-03-05,1020,1451,F,891,NV,3,1.29
2011-03-12,1020,1451,F,891,NV,18,7.74
2011-03-26,1020,1451,F,891,NV,9,3.87
2011-04-02,1020,1451,F,891,NV,6,2.58
2011-04-16,1020,1451,F,891,NV,3,1.29
2011-04-23,1020,1451,F,891,NV,3,1.29
2011-04-30,1020,1451,F,891,NV,3,0.94
2011-05-21,1020,1451,F,891,NV,3,1.29
2011-06-04,1020,1451,F,891,NV,3,1.29
2011-06-25,1020,1451,F,891,NV,9,3.87
2011-07-09,1020,1451,F,891,NV,6,2.23
2011-07-16,1020,1451,F,891,NV,6,2.58
2011-08-13,1020,1451,F,891,NV,3,1.29
2011-08-20,1020,1451,F,891,NV,3,0.94
2011-08-27,1020,1451,F,891,NV,6,2.58
2011-09-03,1020,1451,F,891,NV,3,1.29
2011-09-10,1020,1451,F,891,NV,3,1.29
2011-09-17,1020,1451,F,891,NV,3,1.29
2011-09-24,1020,1451,F,891,NV,3,1.29
2011-10-01,1020,1451,F,891,NV,9,3.87
2011-10-08,1020,1451,F,891,NV,3,1.29
2011-10-15,1020,1451,F,891,NV,3,1.29
2011-11-05,1020,1451,F,891,NV,3,1.29
2011-11-12,1020,1451,F,891,NV,3,1.29
2011-11-26,1020,1451,F,891,NV,3,1.29
2011-12-24,1020,1451,F,891,NV,3,1.29
2011-01-01,1020,1451,F,292,SC,0.63,2.99
2011-01-08,1020,1451,F,292,SC,0.63,2.99
2011-01-15,1020,1451,F,292,SC,1.89,8.97
2011-01-29,1020,1451,F,292,SC,1.89,8.97
2011-02-12,1020,1451,F,292,SC,0.63,2.99
2011-03-26,1020,1451,F,292,SC,0.63,2.99
2011-04-02,1020,1451,F,292,SC,1.26,5.98
2011-04-09,1020,1451,F,292,SC,1.26,5.98
2011-04-16,1020,1451,F,292,SC,0.63,2.99
2011-04-23,1020,1451,F,292,SC,0.63,2.99
2011-05-07,1020,1451,F,292,SC,0.63,2.99
2011-06-04,1020,1451,F,292,SC,0.63,2.99
2011-07-02,1020,1451,F,292,SC,1.26,5.98
2011-07-09,1020,1451,F,292,SC,1.26,5.98
2011-07-23,1020,1451,F,292,SC,1.26,5.98
2011-08-13,1020,1451,F,292,SC,0.63,2.99
2011-09-03,1020,1451,F,292,SC,1.26,5.98
2011-09-10,1020,1451,F,292,SC,0.63,2.99
2011-09-24,1020,1451,F,292,SC,1.26,5.98
2011-10-01,1020,1451,F,292,SC,1.26,5.98
2011-10-08,1020,1451,F,292,SC,1.26,5.98
2011-10-22,1020,1451,F,292,SC,2.52,11.96
2011-11-05,1020,1451,F,292,SC,0.63,2.99
2011-11-12,1020,1451,F,292,SC,0.63,2.99
2011-11-19,1020,1451,F,292,SC,1.89,8.97
2011-12-10,1020,1451,F,292,SC,2.52,11.96
2011-12-17,1020,1451,F,292,SC,1.26,5.98
2011-01-01,1020,1451,F,295,SC,3.15,14.95
2011-03-19,1020,1451,F,295,SC,1.89,8.97
2011-04-16,1020,1451,F,295,SC,0.63,2.99
2011-04-30,1020,1451,F,295,SC,0.63,2.99
2011-05-14,1020,1451,F,295,SC,1.26,5.98
2011-06-04,1020,1451,F,295,SC,0.63,2.99
2011-06-11,1020,1451,F,295,SC,0.63,2.99
2011-07-02,1020,1451,F,295,SC,2.52,11.96
2011-08-13,1020,1451,F,295,SC,1.26,5.98
2011-08-20,1020,1451,F,295,SC,0.63,2.99
2011-09-03,1020,1451,F,295,SC,1.89,8.97
2011-09-10,1020,1451,F,295,SC,1.26,5.98
2011-09-17,1020,1451,F,295,SC,0.63,2.99
2011-09-24,1020,1451,F,295,SC,1.89,8.97
2011-10-22,1020,1451,F,295,SC,1.89,8.97
2011-10-29,1020,1451,F,295,SC,0.63,2.99
2011-11-05,1020,1451,F,295,SC,0.63,2.99
2011-12-10,1020,1451,F,295,SC,1.26,5.98
2011-12-17,1020,1451,F,295,SC,0.63,2.99
2011-12-24,1020,1451,F,295,SC,0.63,2.99
2011-12-31,1020,1451,F,295,SC,0.63,2.99
2011-01-08,1020,1451,F,298,SC,0.63,2.99
2011-01-15,1020,1451,F,298,SC,0.63,2.99
2011-01-22,1020,1451,F,298,SC,1.26,5.98
2011-02-05,1020,1451,F,298,SC,1.89,8.97
2011-02-12,1020,1451,F,298,SC,0.63,2.99
2011-02-26,1020,1451,F,298,SC,1.26,5.98
2011-03-12,1020,1451,F,298,SC,1.26,5.98
2011-03-19,1020,1451,F,298,SC,1.26,5.98
2011-03-26,1020,1451,F,298,SC,0.63,2.99
2011-04-09,1020,1451,F,298,SC,0.63,2.99
2011-04-16,1020,1451,F,298,SC,1.26,5.98
2011-04-23,1020,1451,F,298,SC,0.63,2.99
2011-06-25,1020,1451,F,298,SC,0.63,2.99
2011-09-03,1020,1451,F,298,SC,1.26,5.98
2011-10-15,1020,1451,F,298,SC,0.63,2.99
2011-10-29,1020,1451,F,298,SC,0.63,2.99
2011-11-05,1020,1451,F,298,SC,0.63,2.99
2011-11-12,1020,1451,F,298,SC,0.63,2.99
2011-11-19,1020,1451,F,298,SC,0.63,2.99
2011-12-24,1020,1451,F,298,SC,1.89,8.97
2011-12-31,1020,1451,F,298,SC,0.63,2.99
2011-01-08,1020,1451,F,299,SC,1.89,8.97
2011-01-15,1020,1451,F,299,SC,0.63,2.99
2011-01-22,1020,1451,F,299,SC,0.63,2.99
2011-02-12,1020,1451,F,299,SC,1.26,5.98
2011-02-26,1020,1451,F,299,SC,0.63,2.99
2011-03-05,1020,1451,F,299,SC,0.63,2.99
2011-03-19,1020,1451,F,299,SC,1.26,5.98
2011-03-26,1020,1451,F,299,SC,0.63,2.99
2011-04-09,1020,1451,F,299,SC,0.63,2.99
2011-04-16,1020,1451,F,299,SC,1.26,5.98
2011-04-30,1020,1451,F,299,SC,0.63,2.99
2011-05-07,1020,1451,F,299,SC,1.89,8.97
2011-05-14,1020,1451,F,299,SC,1.26,5.98
2011-05-21,1020,1451,F,299,SC,0.63,2.99
2011-06-11,1020,1451,F,299,SC,0.63,2.99
2011-06-25,1020,1451,F,299,SC,1.89,8.97
2011-07-02,1020,1451,F,299,SC,0.63,2.99
2011-07-09,1020,1451,F,299,SC,0.63,2.99
2011-07-16,1020,1451,F,299,SC,0.63,2.99
2011-07-23,1020,1451,F,299,SC,2.52,11.96
2011-08-06,1020,1451,F,299,SC,0.63,2.99
2011-08-13,1020,1451,F,299,SC,1.26,5.98
2011-08-27,1020,1451,F,299,SC,0.63,2.99
2011-09-03,1020,1451,F,299,SC,1.26,5.98
2011-09-10,1020,1451,F,299,SC,0.63,2.99
2011-09-17,1020,1451,F,299,SC,1.26,5.98
2011-10-08,1020,1451,F,299,SC,0.63,2.99
2011-10-15,1020,1451,F,299,SC,1.26,5.98
2011-10-22,1020,1451,F,299,SC,2.52,11.96
2011-10-29,1020,1451,F,299,SC,1.26,5.98
2011-11-05,1020,1451,F,299,SC,1.26,5.98
2011-11-19,1020,1451,F,299,SC,0.63,2.99
2011-11-26,1020,1451,F,299,SC,0.63,2.99
2011-12-03,1020,1451,F,299,SC,0.63,2.99
2011-12-10,1020,1451,F,299,SC,1.89,8.97
2011-12-17,1020,1451,F,299,SC,1.26,5.98
2011-12-24,1020,1451,F,299,SC,2.52,11.96
2011-12-31,1020,1451,F,299,SC,1.26,5.98
2011-01-08,1020,1451,F,370,TN,0.63,2.89
2011-01-29,1020,1451,F,370,TN,1.26,5.78
2011-02-05,1020,1451,F,370,TN,1.26,5.78
2011-02-12,1020,1451,F,370,TN,0.63,2.89
2011-04-23,1020,1451,F,370,TN,0.63,2.89
2011-04-30,1020,1451,F,370,TN,1.26,5.78
2011-05-21,1020,1451,F,370,TN,0.63,2.89
2011-05-28,1020,1451,F,370,TN,1.26,5.78
2011-07-02,1020,1451,F,370,TN,0.63,2.89
2011-07-16,1020,1451,F,370,TN,1.26,5.78
2011-08-06,1020,1451,F,370,TN,0.63,2.89
2011-08-20,1020,1451,F,370,TN,0.63,2.89
2011-08-27,1020,1451,F,370,TN,0.63,2.89
2011-09-03,1020,1451,F,370,TN,0.63,2.89
2011-09-10,1020,1451,F,370,TN,0.63,2.89
2011-09-24,1020,1451,F,370,TN,0.63,2.89
2011-10-08,1020,1451,F,370,TN,0.63,2.89
2011-10-22,1020,1451,F,370,TN,0.63,2.89
2011-11-05,1020,1451,F,370,TN,0.63,2.89
2011-11-12,1020,1451,F,370,TN,0.63,2.89
2011-11-19,1020,1451,F,370,TN,1.89,8.67
2011-11-26,1020,1451,F,370,TN,0.63,2.89
2011-12-03,1020,1451,F,370,TN,0.63,2.89
2011-12-31,1020,1451,F,370,TN,1.26,5.78
2011-01-08,1020,1451,F,371,TN,0.63,2.89
2011-01-15,1020,1451,F,371,TN,1.26,5.78
2011-01-29,1020,1451,F,371,TN,0.63,2.89
2011-02-12,1020,1451,F,371,TN,0.63,2.89
2011-08-20,1020,1451,F,371,TN,0.63,2.89
2011-01-01,1020,1451,F,372,TN,0.63,2.89
2011-02-05,1020,1451,F,372,TN,1.26,5.78
2011-02-26,1020,1451,F,372,TN,0.63,2.89
2011-03-05,1020,1451,F,372,TN,2.52,11.56
2011-03-19,1020,1451,F,372,TN,1.26,5.78
2011-03-26,1020,1451,F,372,TN,0.63,2.89
2011-04-02,1020,1451,F,372,TN,2.52,11.56
2011-04-09,1020,1451,F,372,TN,0.63,2.89
2011-04-16,1020,1451,F,372,TN,0.63,2.89
2011-05-07,1020,1451,F,372,TN,0.63,2.89
2011-06-04,1020,1451,F,372,TN,1.26,5.78
2011-06-11,1020,1451,F,372,TN,0.63,2.89
2011-06-18,1020,1451,F,372,TN,0.63,2.89
2011-07-02,1020,1451,F,372,TN,0.63,2.89
2011-07-16,1020,1451,F,372,TN,1.26,5.78
2011-07-30,1020,1451,F,372,TN,0.63,2.89
2011-08-06,1020,1451,F,372,TN,1.26,5.78
2011-08-20,1020,1451,F,372,TN,1.26,5.78
2011-09-03,1020,1451,F,372,TN,0.63,2.89
2011-09-10,1020,1451,F,372,TN,0.63,2.89
2011-09-24,1020,1451,F,372,TN,1.89,8.67
2011-10-08,1020,1451,F,372,TN,1.26,5.78
2011-11-05,1020,1451,F,372,TN,0.63,2.89
2011-11-12,1020,1451,F,372,TN,0.63,2.89
2011-11-19,1020,1451,F,372,TN,1.26,5.78
2011-12-03,1020,1451,F,372,TN,0.63,2.89
2011-12-10,1020,1451,F,372,TN,1.26,5.78
2011-12-17,1020,1451,F,372,TN,0.63,2.89
2011-01-15,1020,1451,F,376,TN,0.63,2.99
2011-02-05,1020,1451,F,376,TN,0.63,2.99
2011-04-23,1020,1451,F,376,TN,0.63,2.99
2011-09-03,1020,1451,F,376,TN,0.63,2.99
2011-10-08,1020,1451,F,376,TN,0.63,2.99
2011-01-01,1020,1451,F,379,TN,0.63,2.99
2011-01-08,1020,1451,F,379,TN,0.63,2.99
2011-01-22,1020,1451,F,379,TN,0.63,2.99
2011-01-29,1020,1451,F,379,TN,1.26,5.98
2011-02-05,1020,1451,F,379,TN,0.63,2.99
2011-02-12,1020,1451,F,379,TN,1.89,8.97
2011-03-05,1020,1451,F,379,TN,0.63,2.99
2011-03-26,1020,1451,F,379,TN,1.26,5.98
2011-04-16,1020,1451,F,379,TN,2.52,11.96
2011-04-30,1020,1451,F,379,TN,0.63,2.99
2011-06-04,1020,1451,F,379,TN,1.26,4.75
2011-06-18,1020,1451,F,379,TN,0.63,2.99
2011-06-25,1020,1451,F,379,TN,1.89,2.64
2011-07-02,1020,1451,F,379,TN,1.26,3.87
2011-07-09,1020,1451,F,379,TN,0.63,2.99
2011-07-16,1020,1451,F,379,TN,0.63,2.99
2011-07-23,1020,1451,F,379,TN,1.26,5.98
2011-08-06,1020,1451,F,379,TN,0.63,2.99
2011-09-03,1020,1451,F,379,TN,0.63,2.99
2011-09-10,1020,1451,F,379,TN,1.26,5.98
2011-10-01,1020,1451,F,379,TN,0.63,2.99
2011-10-08,1020,1451,F,379,TN,0.63,0.99
2011-10-15,1020,1451,F,379,TN,0.63,2.99
2011-10-29,1020,1451,F,379,TN,0.63,2.99
2011-11-05,1020,1451,F,379,TN,0.63,2.99
2011-11-19,1020,1451,F,379,TN,0.63,2.99
2011-12-03,1020,1451,F,379,TN,0.63,2.99
2011-12-10,1020,1451,F,379,TN,0.63,2.99
2011-12-24,1020,1451,F,379,TN,0.63,2.99
2011-09-17,1020,1451,F,380,TN,1.26,5.98
2011-10-08,1020,1451,F,380,TN,0.63,2.99
2011-10-15,1020,1451,F,380,TN,0.63,2.99
2011-11-05,1020,1451,F,380,TN,0.63,2.99
2011-12-03,1020,1451,F,380,TN,0.63,2.99
2011-12-17,1020,1451,F,380,TN,0.63,2.99
2011-12-31,1020,1451,F,380,TN,0.63,2.99
2011-01-15,1020,1451,F,381,TN,0.63,2.99
2011-02-12,1020,1451,F,381,TN,0.63,2.99
2011-03-19,1020,1451,F,381,TN,0.63,2.99
2011-05-28,1020,1451,F,381,TN,0.63,2.99
2011-06-18,1020,1451,F,381,TN,0.63,2.99
2011-07-16,1020,1451,F,381,TN,0.63,2.99
2011-09-03,1020,1451,F,381,TN,0.63,2.99
2011-10-08,1020,1451,F,381,TN,0.63,2.99
2011-10-15,1020,1451,F,381,TN,0.63,2.99
2011-11-05,1020,1451,F,381,TN,0.63,2.99
2011-11-19,1020,1451,F,381,TN,0.63,2.99
2011-11-26,1020,1451,F,381,TN,1.26,5.98
2011-12-03,1020,1451,F,381,TN,0.63,2.99
2011-12-10,1020,1451,F,381,TN,0.63,2.99
2011-12-17,1020,1451,F,381,TN,0.63,2.99
2011-01-01,1020,1451,F,750,TX,12.95,21.49
2011-01-08,1020,1451,F,750,TX,11.13,13.22
2011-01-15,1020,1451,F,750,TX,33.95,34.63
2011-01-22,1020,1451,F,750,TX,10.85,26.14
2011-01-29,1020,1451,F,750,TX,6.02,16.01
2011-02-05,1020,1451,F,750,TX,6.23,12.71
2011-02-12,1020,1451,F,750,TX,4.69,12.33
2011-02-19,1020,1451,F,750,TX,9.38,24.66
2011-02-26,1020,1451,F,750,TX,6.16,13.81
2011-03-05,1020,1451,F,750,TX,4.48,15.63
2011-03-12,1020,1451,F,750,TX,1.4,2.58
2011-03-19,1020,1451,F,750,TX,4.55,14.53
2011-03-26,1020,1451,F,750,TX,8.19,18.78
2011-04-02,1020,1451,F,750,TX,6.44,21.7
2011-04-09,1020,1451,F,750,TX,10.29,13.39
2011-04-16,1020,1451,F,750,TX,3.99,11.04
2011-04-23,1020,1451,F,750,TX,5.18,16.92
2011-04-30,1020,1451,F,750,TX,2.03,4.97
2011-05-07,1020,1451,F,750,TX,5.18,16.92
2011-05-21,1020,1451,F,750,TX,3.99,11.04
2011-06-04,1020,1451,F,750,TX,2.73,6.26
2011-06-11,1020,1451,F,750,TX,3.36,8.65
2011-06-18,1020,1451,F,750,TX,1.4,2.58
2011-07-02,1020,1451,F,750,TX,2.1,3.87
2011-07-09,1020,1451,F,750,TX,2.66,7.36
2011-07-16,1020,1451,F,750,TX,4.55,14.53
2011-07-23,1020,1451,F,750,TX,2.03,4.97
2011-07-30,1020,1451,F,750,TX,2.73,6.26
2011-08-06,1020,1451,F,750,TX,3.36,8.65
2011-08-13,1020,1451,F,750,TX,5.25,15.82
2011-08-20,1020,1451,F,750,TX,3.92,12.14
2011-08-27,1020,1451,F,750,TX,2.03,4.97
2011-09-03,1020,1451,F,750,TX,2.8,5.16
2011-09-17,1020,1451,F,750,TX,4.62,13.43
2011-09-24,1020,1451,F,750,TX,4.62,13.43
2011-10-01,1020,1451,F,750,TX,7.07,24.09
2011-10-08,1020,1451,F,750,TX,2.66,7.36
2011-10-15,1020,1451,F,750,TX,2.73,6.26
2011-10-22,1020,1451,F,750,TX,7.35,19.69
2011-10-29,1020,1451,F,750,TX,2.66,7.36
2011-11-05,1020,1451,F,750,TX,3.43,7.55
2011-11-12,1020,1451,F,750,TX,10.85,26.14
2011-11-19,1020,1451,F,750,TX,7.28,20.79
2011-11-26,1020,1451,F,750,TX,7.84,24.28
2011-12-03,1020,1451,F,750,TX,3.36,8.65
2011-12-10,1020,1451,F,750,TX,3.29,9.75
2011-12-17,1020,1451,F,750,TX,7.7,26.48
2011-12-24,1020,1451,F,750,TX,5.46,12.52
2011-12-31,1020,1451,F,750,TX,9.03,30.16
2011-01-01,1020,1451,F,751,TX,0.7,1.29
2011-01-08,1020,1451,F,751,TX,0.7,1.29
2011-01-15,1020,1451,F,751,TX,0.7,1.29
2011-01-22,1020,1451,F,751,TX,1.4,2.58
2011-01-29,1020,1451,F,751,TX,2.1,3.87
2011-02-05,1020,1451,F,751,TX,1.4,2.58
2011-02-19,1020,1451,F,751,TX,2.1,3.87
2011-02-26,1020,1451,F,751,TX,0.7,1.29
2011-03-05,1020,1451,F,751,TX,0.7,1.29
2011-03-12,1020,1451,F,751,TX,0.7,1.29
2011-03-19,1020,1451,F,751,TX,1.4,2.58
2011-03-26,1020,1451,F,751,TX,1.4,2.58
2011-04-02,1020,1451,F,751,TX,0.7,1.29
2011-04-16,1020,1451,F,751,TX,0.7,1.29
2011-05-07,1020,1451,F,751,TX,1.4,2.58
2011-05-28,1020,1451,F,751,TX,1.4,2.58
2011-07-02,1020,1451,F,751,TX,0.7,1.29
2011-07-09,1020,1451,F,751,TX,1.4,2.58
2011-07-23,1020,1451,F,751,TX,0.7,1.29
2011-07-30,1020,1451,F,751,TX,0.7,1.29
2011-08-06,1020,1451,F,751,TX,2.1,3.87
2011-08-13,1020,1451,F,751,TX,0.7,1.29
2011-08-27,1020,1451,F,751,TX,0.7,1.29
2011-09-10,1020,1451,F,751,TX,2.1,3.87
2011-10-01,1020,1451,F,751,TX,0.7,1.29
2011-10-08,1020,1451,F,751,TX,0.7,1.29
2011-10-15,1020,1451,F,751,TX,0.7,1.29
2011-10-22,1020,1451,F,751,TX,2.1,3.87
2011-11-05,1020,1451,F,751,TX,2.1,3.87
2011-11-12,1020,1451,F,751,TX,0.7,1.29
2011-11-26,1020,1451,F,751,TX,3.5,6.45
2011-12-10,1020,1451,F,751,TX,0.7,1.29
2011-12-17,1020,1451,F,751,TX,0.7,1.29
2011-12-24,1020,1451,F,751,TX,0.7,1.29
2011-01-01,1020,1451,F,752,TX,9.94,28.15
2011-01-08,1020,1451,F,752,TX,13.23,17.09
2011-01-15,1020,1451,F,752,TX,12.32,27.62
2011-01-22,1020,1451,F,752,TX,13.86,19.48
2011-01-29,1020,1451,F,752,TX,11.34,30.73
2011-02-05,1020,1451,F,752,TX,5.81,19.31
2011-02-12,1020,1451,F,752,TX,5.18,16.92
2011-02-19,1020,1451,F,752,TX,5.25,15.82
2011-02-26,1020,1451,F,752,TX,14.63,19.67
2011-03-05,1020,1451,F,752,TX,11.76,36.42
2011-03-12,1020,1451,F,752,TX,10.29,22.65
2011-03-19,1020,1451,F,752,TX,8.75,22.27
2011-03-26,1020,1451,F,752,TX,6.65,18.4
2011-04-02,1020,1451,F,752,TX,7.98,22.08
2011-04-09,1020,1451,F,752,TX,5.46,12.52
2011-04-16,1020,1451,F,752,TX,7.49,17.49
2011-04-23,1020,1451,F,752,TX,10.29,22.65
2011-04-30,1020,1451,F,752,TX,5.88,18.21
2011-05-07,1020,1451,F,752,TX,8.05,20.98
2011-05-14,1020,1451,F,752,TX,7.49,17.49
2011-05-21,1020,1451,F,752,TX,14.98,34.98
2011-05-28,1020,1451,F,752,TX,5.53,11.42
2011-06-04,1020,1451,F,752,TX,9.94,28.15
2011-06-11,1020,1451,F,752,TX,12.11,30.92
2011-06-18,1020,1451,F,752,TX,6.16,13.81
2011-06-25,1020,1451,F,752,TX,6.02,16.01
2011-07-02,1020,1451,F,752,TX,7.35,19.69
2011-07-09,1020,1451,F,752,TX,12.25,28.32
2011-07-16,1020,1451,F,752,TX,6.79,16.2
2011-07-23,1020,1451,F,752,TX,8.26,17.68
2011-07-30,1020,1451,F,752,TX,12.67,34.41
2011-08-06,1020,1451,F,752,TX,10.99,23.94
2011-08-13,1020,1451,F,752,TX,13.09,27.81
2011-08-20,1020,1451,F,752,TX,11.13,34.03
2011-08-27,1020,1451,F,752,TX,4.62,13.43
2011-09-03,1020,1451,F,752,TX,6.86,15.1
2011-09-10,1020,1451,F,752,TX,6.16,13.81
2011-09-17,1020,1451,F,752,TX,9.31,25.76
2011-09-24,1020,1451,F,752,TX,13.86,28
2011-10-01,1020,1451,F,752,TX,3.5,6.45
2011-10-08,1020,1451,F,752,TX,5.46,12.52
2011-10-15,1020,1451,F,752,TX,11.27,31.83
2011-10-22,1020,1451,F,752,TX,11.62,25.53
2011-10-29,1020,1451,F,752,TX,7.49,17.49
2011-11-05,1020,1451,F,752,TX,7.42,18.59
2011-11-12,1020,1451,F,752,TX,9.45,23.56
2011-11-19,1020,1451,F,752,TX,10.36,33.44
2011-11-26,1020,1451,F,752,TX,8.05,20.98
2011-12-03,1020,1451,F,752,TX,6.3,11.61
2011-12-10,1020,1451,F,752,TX,4.06,9.94
2011-12-17,1020,1451,F,752,TX,8.33,16.58
2011-12-24,1020,1451,F,752,TX,9.52,22.46
2011-12-31,1020,1451,F,752,TX,3.43,7.55
2011-01-01,1020,1451,F,760,TX,9.59,12.84
2011-01-08,1020,1451,F,760,TX,5.39,13.62
2011-01-15,1020,1451,F,760,TX,13.23,8.57
2011-01-22,1020,1451,F,760,TX,5.25,15.82
2011-01-29,1020,1451,F,760,TX,3.78,14.34
2011-02-05,1020,1451,F,760,TX,0.7,1.29
2011-02-12,1020,1451,F,760,TX,4.48,15.63
2011-02-26,1020,1451,F,760,TX,3.85,13.24
2011-03-05,1020,1451,F,760,TX,2.66,7.36
2011-03-12,1020,1451,F,760,TX,3.43,7.55
2011-03-19,1020,1451,F,760,TX,4.41,16.73
2011-03-26,1020,1451,F,760,TX,1.89,7.17
2011-04-02,1020,1451,F,760,TX,7.56,7.13
2011-04-09,1020,1451,F,760,TX,0.63,2.39
2011-04-16,1020,1451,F,760,TX,25.2,9.4
2011-04-23,1020,1451,F,760,TX,0.63,2.39
2011-04-30,1020,1451,F,760,TX,1.89,7.17
2011-05-14,1020,1451,F,760,TX,1.33,3.68
2011-05-21,1020,1451,F,760,TX,0.7,1.29
2011-05-28,1020,1451,F,760,TX,3.36,8.65
2011-06-04,1020,1451,F,760,TX,1.4,2.58
2011-06-11,1020,1451,F,760,TX,8.68,23.37
2011-06-18,1020,1451,F,760,TX,3.22,10.85
2011-07-02,1020,1451,F,760,TX,3.92,12.14
2011-07-09,1020,1451,F,760,TX,2.1,3.87
2011-07-16,1020,1451,F,760,TX,5.32,14.72
2011-07-23,1020,1451,F,760,TX,2.1,3.87
2011-07-30,1020,1451,F,760,TX,4.69,12.33
2011-08-06,1020,1451,F,760,TX,2.1,3.87
2011-08-13,1020,1451,F,760,TX,6.02,16.01
2011-08-20,1020,1451,F,760,TX,4.06,9.94
2011-08-27,1020,1451,F,760,TX,4.13,8.84
2011-09-03,1020,1451,F,760,TX,3.85,13.24
2011-09-10,1020,1451,F,760,TX,0.63,2.39
2011-09-24,1020,1451,F,760,TX,2.1,3.87
2011-10-01,1020,1451,F,760,TX,4.13,8.84
2011-10-08,1020,1451,F,760,TX,1.33,3.68
2011-10-15,1020,1451,F,760,TX,4.13,8.84
2011-10-22,1020,1451,F,760,TX,0.63,2.39
2011-10-29,1020,1451,F,760,TX,3.36,8.65
2011-11-05,1020,1451,F,760,TX,2.52,9.56
2011-11-12,1020,1451,F,760,TX,0.63,2.39
2011-11-19,1020,1451,F,760,TX,4.13,8.84
2011-11-26,1020,1451,F,760,TX,1.33,3.68
2011-12-03,1020,1451,F,760,TX,1.96,6.07
2011-12-10,1020,1451,F,760,TX,1.89,7.17
2011-12-17,1020,1451,F,760,TX,6.65,18.4
2011-12-24,1020,1451,F,760,TX,5.11,18.02
2011-12-31,1020,1451,F,760,TX,3.22,10.85
2011-01-01,1020,1451,F,761,TX,2.59,8.46
2011-01-08,1020,1451,F,761,TX,1.26,4.78
2011-01-15,1020,1451,F,761,TX,1.4,2.58
2011-01-22,1020,1451,F,761,TX,4.69,12.33
2011-01-29,1020,1451,F,761,TX,2.66,7.36
2011-02-05,1020,1451,F,761,TX,2.73,6.26
2011-02-12,1020,1451,F,761,TX,1.33,3.68
2011-02-26,1020,1451,F,761,TX,5.88,18.21
2011-03-05,1020,1451,F,761,TX,2.73,6.26
2011-03-12,1020,1451,F,761,TX,2.73,5.86
2011-03-19,1020,1451,F,761,TX,2.03,4.97
2011-03-26,1020,1451,F,761,TX,1.4,2.58
2011-04-02,1020,1451,F,761,TX,1.96,6.07
2011-04-09,1020,1451,F,761,TX,1.26,4.78
2011-04-16,1020,1451,F,761,TX,4.2,7.74
2011-04-23,1020,1451,F,761,TX,1.26,4.78
2011-04-30,1020,1451,F,761,TX,2.73,6.26
2011-05-07,1020,1451,F,761,TX,3.99,11.04
2011-05-21,1020,1451,F,761,TX,0.7,1.29
2011-06-04,1020,1451,F,761,TX,1.4,2.58
2011-06-18,1020,1451,F,761,TX,1.4,2.58
2011-07-09,1020,1451,F,761,TX,0.7,1.29
2011-07-16,1020,1451,F,761,TX,3.92,12.14
2011-07-23,1020,1451,F,761,TX,1.4,2.58
2011-07-30,1020,1451,F,761,TX,1.4,2.58
2011-08-06,1020,1451,F,761,TX,0.7,1.29
2011-08-13,1020,1451,F,761,TX,1.26,4.78
2011-08-20,1020,1451,F,761,TX,1.89,7.17
2011-08-27,1020,1451,F,761,TX,1.89,7.17
2011-09-03,1020,1451,F,761,TX,2.8,5.16
2011-09-10,1020,1451,F,761,TX,1.4,2.58
2011-09-17,1020,1451,F,761,TX,2.03,4.97
2011-09-24,1020,1451,F,761,TX,2.73,6.26
2011-10-01,1020,1451,F,761,TX,4.9,9.03
2011-10-08,1020,1451,F,761,TX,3.43,7.55
2011-10-15,1020,1451,F,761,TX,4.76,11.23
2011-10-22,1020,1451,F,761,TX,0.63,2.39
2011-11-05,1020,1451,F,761,TX,0.7,1.29
2011-11-12,1020,1451,F,761,TX,3.43,7.55
2011-11-19,1020,1451,F,761,TX,4.76,11.23
2011-11-26,1020,1451,F,761,TX,4.9,9.03
2011-12-03,1020,1451,F,761,TX,0.63,2.39
2011-12-10,1020,1451,F,761,TX,2.66,7.36
2011-12-24,1020,1451,F,761,TX,2.73,6.26
2011-12-31,1020,1451,F,761,TX,5.6,10.32
2011-01-01,1020,1451,F,770,TX,50.47,140.94
2011-01-08,1020,1451,F,770,TX,33.53,87.6
2011-01-15,1020,1451,F,770,TX,53.13,136.01
2011-01-22,1020,1451,F,770,TX,56.42,145.76
2011-01-29,1020,1451,F,770,TX,43.54,114.65
2011-02-05,1020,1451,F,770,TX,48.72,143.86
2011-02-12,1020,1451,F,770,TX,38.99,100.12
2011-02-19,1020,1451,F,770,TX,47.53,114.6
2011-02-26,1020,1451,F,770,TX,43.05,97.77
2011-03-05,1020,1451,F,770,TX,50.68,137.64
2011-03-12,1020,1451,F,770,TX,40.39,101.5
2011-03-19,1020,1451,F,770,TX,49.14,125.37
2011-03-26,1020,1451,F,770,TX,42.21,110.97
2011-04-02,1020,1451,F,770,TX,33.25,79.71
2011-04-09,1020,1451,F,770,TX,50.12,135.35
2011-04-16,1020,1451,F,770,TX,51.52,136.73
2011-04-23,1020,1451,F,770,TX,43.68,112.45
2011-04-30,1020,1451,F,770,TX,42.98,111.16
2011-05-07,1020,1451,F,770,TX,37.1,92.95
2011-05-14,1020,1451,F,770,TX,48.65,132.67
2011-05-21,1020,1451,F,770,TX,58.45,148.13
2011-05-28,1020,1451,F,770,TX,52.57,132.92
2011-06-04,1020,1451,F,770,TX,45.71,117.42
2011-06-11,1020,1451,F,770,TX,47.81,121.29
2011-06-18,1020,1451,F,770,TX,35.07,87.98
2011-06-25,1020,1451,F,770,TX,38.85,90.43
2011-07-02,1020,1451,F,770,TX,28.84,75.27
2011-07-09,1020,1451,F,770,TX,29.33,79.86
2011-07-16,1020,1451,F,770,TX,49.91,125.16
2011-07-23,1020,1451,F,770,TX,53.41,143.9
2011-07-30,1020,1451,F,770,TX,29.61,75.46
2011-08-06,1020,1451,F,770,TX,37.66,96.44
2011-08-13,1020,1451,F,770,TX,36.12,96.06
2011-08-20,1020,1451,F,770,TX,37.24,103.04
2011-08-27,1020,1451,F,770,TX,37.45,99.74
2011-09-03,1020,1451,F,770,TX,38.15,101.03
2011-09-10,1020,1451,F,770,TX,38.36,97.73
2011-09-17,1020,1451,F,770,TX,41.79,105.28
2011-09-24,1020,1451,F,770,TX,28.77,76.37
2011-10-01,1020,1451,F,770,TX,36.12,96.46
2011-10-08,1020,1451,F,770,TX,47.46,125.99
2011-10-15,1020,1451,F,770,TX,45.01,103.84
2011-10-22,1020,1451,F,770,TX,38.5,108.22
2011-10-29,1020,1451,F,770,TX,36.12,96.06
2011-11-05,1020,1451,F,770,TX,47.53,113.4
2011-11-12,1020,1451,F,770,TX,60.06,174.59
2011-11-19,1020,1451,F,770,TX,49.07,125.67
2011-11-26,1020,1451,F,770,TX,48.44,135.97
2011-12-03,1020,1451,F,770,TX,45.99,113.02
2011-12-10,1020,1451,F,770,TX,50.33,143.14
2011-12-17,1020,1451,F,770,TX,46.9,135.59
2011-12-24,1020,1451,F,770,TX,60.48,167.99
2011-12-31,1020,1451,F,770,TX,46.2,134.3
2011-01-01,1020,1451,F,773,TX,0.7,1.29
2011-01-15,1020,1451,F,773,TX,0.7,1.29
2011-02-05,1020,1451,F,773,TX,0.7,1.29
2011-02-19,1020,1451,F,773,TX,0.7,1.29
2011-02-26,1020,1451,F,773,TX,0.7,1.29
2011-06-11,1020,1451,F,773,TX,0.7,1.29
2011-07-30,1020,1451,F,773,TX,0.7,1.29
2011-01-01,1020,1451,F,774,TX,9.87,30.45
2011-01-08,1020,1451,F,774,TX,7.14,23.39
2011-01-15,1020,1451,F,774,TX,7.14,22.99
2011-01-22,1020,1451,F,774,TX,10.29,35.34
2011-01-29,1020,1451,F,774,TX,7.21,22.29
2011-02-05,1020,1451,F,774,TX,11.13,34.03
2011-02-12,1020,1451,F,774,TX,3.29,9.75
2011-02-19,1020,1451,F,774,TX,2.1,3.87
2011-02-26,1020,1451,F,774,TX,0.7,1.29
2011-03-05,1020,1451,F,774,TX,14,51.98
2011-03-12,1020,1451,F,774,TX,4.69,12.33
2011-03-19,1020,1451,F,774,TX,9.17,29.16
2011-03-26,1020,1451,F,774,TX,7,25.19
2011-04-02,1020,1451,F,774,TX,7,25.19
2011-04-09,1020,1451,F,774,TX,4.55,14.53
2011-04-16,1020,1451,F,774,TX,3.92,12.54
2011-04-23,1020,1451,F,774,TX,3.78,15.54
2011-04-30,1020,1451,F,774,TX,6.02,16.41
2011-05-07,1020,1451,F,774,TX,1.96,6.47
2011-05-14,1020,1451,F,774,TX,3.78,14.74
2011-05-21,1020,1451,F,774,TX,1.96,6.47
2011-05-28,1020,1451,F,774,TX,1.89,7.17
2011-06-04,1020,1451,F,774,TX,2.66,7.76
2011-06-11,1020,1451,F,774,TX,5.74,21.61
2011-06-18,1020,1451,F,774,TX,3.78,14.74
2011-06-25,1020,1451,F,774,TX,2.73,6.06
2011-07-02,1020,1451,F,774,TX,5.25,17.42
2011-07-09,1020,1451,F,774,TX,1.89,7.57
2011-07-16,1020,1451,F,774,TX,1.89,7.57
2011-07-23,1020,1451,F,774,TX,2.59,8.86
2011-07-30,1020,1451,F,774,TX,2.52,9.96
2011-08-06,1020,1451,F,774,TX,5.25,16.62
2011-08-13,1020,1451,F,774,TX,3.99,11.44
2011-08-20,1020,1451,F,774,TX,3.92,12.54
2011-08-27,1020,1451,F,774,TX,4.55,15.73
2011-09-03,1020,1451,F,774,TX,2.59,8.46
2011-09-10,1020,1451,F,774,TX,4.62,13.43
2011-09-17,1020,1451,F,774,TX,4.62,13.43
2011-09-24,1020,1451,F,774,TX,3.99,11.04
2011-10-01,1020,1451,F,774,TX,2.59,8.46
2011-10-08,1020,1451,F,774,TX,9.94,26.75
2011-10-15,1020,1451,F,774,TX,1.26,4.78
2011-10-22,1020,1451,F,774,TX,2.03,4.97
2011-10-29,1020,1451,F,774,TX,7.56,16.79
2011-11-05,1020,1451,F,774,TX,5.32,14.72
2011-11-12,1020,1451,F,774,TX,5.32,14.72
2011-11-19,1020,1451,F,774,TX,8.12,19.88
2011-11-26,1020,1451,F,774,TX,5.25,16.22
2011-12-03,1020,1451,F,774,TX,7.77,25.38
2011-12-10,1020,1451,F,774,TX,1.33,3.68
2011-12-17,1020,1451,F,774,TX,4.69,12.73
2011-12-24,1020,1451,F,774,TX,7.84,24.28
2011-12-31,1020,1451,F,774,TX,7.21,22.29
2011-01-01,1020,1451,F,775,TX,4.2,7.74
2011-01-08,1020,1451,F,775,TX,6.23,13.11
2011-01-15,1020,1451,F,775,TX,2.1,3.87
2011-01-22,1020,1451,F,775,TX,2.03,5.37
2011-01-29,1020,1451,F,775,TX,4.9,9.03
2011-02-05,1020,1451,F,775,TX,2.8,5.16
2011-02-12,1020,1451,F,775,TX,4.13,9.24
2011-02-19,1020,1451,F,775,TX,2.8,5.16
2011-02-26,1020,1451,F,775,TX,1.33,4.08
2011-03-05,1020,1451,F,775,TX,3.29,10.95
2011-03-12,1020,1451,F,775,TX,5.53,11.82
2011-03-19,1020,1451,F,775,TX,0.7,1.29
2011-04-02,1020,1451,F,775,TX,2.8,5.16
2011-04-09,1020,1451,F,775,TX,1.4,2.58
2011-04-16,1020,1451,F,775,TX,0.7,1.29
2011-04-23,1020,1451,F,775,TX,6.79,17.4
2011-04-30,1020,1451,F,775,TX,1.4,2.58
2011-05-07,1020,1451,F,775,TX,2.8,5.16
2011-05-14,1020,1451,F,775,TX,4.2,7.74
2011-05-21,1020,1451,F,775,TX,2.66,8.16
2011-06-04,1020,1451,F,775,TX,6.3,11.61
2011-06-11,1020,1451,F,775,TX,2.1,3.87
2011-06-18,1020,1451,F,775,TX,2.66,8.16
2011-06-25,1020,1451,F,775,TX,2.66,8.16
2011-07-02,1020,1451,F,775,TX,4.9,9.03
2011-07-09,1020,1451,F,775,TX,1.4,2.58
2011-07-16,1020,1451,F,775,TX,0.7,1.29
2011-07-23,1020,1451,F,775,TX,3.5,6.45
2011-07-30,1020,1451,F,775,TX,1.33,4.08
2011-08-06,1020,1451,F,775,TX,1.33,4.08
2011-08-13,1020,1451,F,775,TX,2.8,5.16
2011-08-20,1020,1451,F,775,TX,0.7,1.29
2011-08-27,1020,1451,F,775,TX,2.03,5.37
2011-09-03,1020,1451,F,775,TX,2.66,8.16
2011-09-10,1020,1451,F,775,TX,5.53,11.82
2011-09-17,1020,1451,F,775,TX,1.4,2.58
2011-09-24,1020,1451,F,775,TX,4.13,9.24
2011-10-01,1020,1451,F,775,TX,1.96,6.87
2011-10-08,1020,1451,F,775,TX,3.43,7.95
2011-10-15,1020,1451,F,775,TX,2.8,5.16
2011-10-22,1020,1451,F,775,TX,2.03,5.37
2011-10-29,1020,1451,F,775,TX,1.33,4.08
2011-11-05,1020,1451,F,775,TX,2.8,5.16
2011-11-19,1020,1451,F,775,TX,4.83,10.53
2011-11-26,1020,1451,F,775,TX,0.7,1.29
2011-12-03,1020,1451,F,775,TX,1.4,2.58
2011-12-10,1020,1451,F,775,TX,2.1,3.87
2011-12-17,1020,1451,F,775,TX,2.03,5.37
2011-12-24,1020,1451,F,775,TX,0.7,1.29
2011-12-31,1020,1451,F,775,TX,5.53,11.82
2011-04-16,1020,1451,F,778,TX,0.7,1.29
2011-06-04,1020,1451,F,778,TX,0.7,1.29
2011-01-01,1020,1451,F,787,TX,4.48,15.63
2011-01-08,1020,1451,F,787,TX,3.43,7.55
2011-01-15,1020,1451,F,787,TX,8.89,20.07
2011-01-22,1020,1451,F,787,TX,5.32,14.72
2011-01-29,1020,1451,F,787,TX,11.13,21.74
2011-02-05,1020,1451,F,787,TX,6.16,13.81
2011-02-12,1020,1451,F,787,TX,6.79,16.2
2011-02-19,1020,1451,F,787,TX,4.76,11.23
2011-02-26,1020,1451,F,787,TX,5.46,12.52
2011-03-05,1020,1451,F,787,TX,9.59,21.36
2011-03-12,1020,1451,F,787,TX,9.45,23.56
2011-03-19,1020,1451,F,787,TX,2.59,8.46
2011-03-26,1020,1451,F,787,TX,2.73,6.26
2011-04-02,1020,1451,F,787,TX,5.32,14.72
2011-04-09,1020,1451,F,787,TX,4.13,8.84
2011-04-16,1020,1451,F,787,TX,6.79,16.2
2011-04-23,1020,1451,F,787,TX,4.62,13.43
2011-04-30,1020,1451,F,787,TX,3.5,6.45
2011-05-07,1020,1451,F,787,TX,6.3,11.61
2011-05-21,1020,1451,F,787,TX,2.1,3.87
2011-05-28,1020,1451,F,787,TX,2.66,7.36
2011-06-04,1020,1451,F,787,TX,4.62,13.43
2011-06-11,1020,1451,F,787,TX,4.76,11.23
2011-06-18,1020,1451,F,787,TX,1.4,2.58
2011-06-25,1020,1451,F,787,TX,3.43,7.55
2011-07-09,1020,1451,F,787,TX,6.51,20.6
2011-07-16,1020,1451,F,787,TX,4.2,7.74
2011-07-23,1020,1451,F,787,TX,4.2,7.74
2011-07-30,1020,1451,F,787,TX,1.4,2.58
2011-08-06,1020,1451,F,787,TX,2.73,6.26
2011-08-13,1020,1451,F,787,TX,3.92,12.14
2011-08-20,1020,1451,F,787,TX,1.4,2.58
2011-08-27,1020,1451,F,787,TX,3.43,7.55
2011-09-03,1020,1451,F,787,TX,3.99,11.04
2011-09-10,1020,1451,F,787,TX,5.88,18.21
2011-09-17,1020,1451,F,787,TX,2.66,7.36
2011-09-24,1020,1451,F,787,TX,3.36,8.65
2011-10-01,1020,1451,F,787,TX,3.22,10.85
2011-10-08,1020,1451,F,787,TX,5.53,11.42
2011-10-15,1020,1451,F,787,TX,6.58,19.5
2011-10-22,1020,1451,F,787,TX,3.43,7.55
2011-10-29,1020,1451,F,787,TX,2.73,6.26
2011-11-05,1020,1451,F,787,TX,2.66,7.36
2011-11-12,1020,1451,F,787,TX,5.32,14.72
2011-11-19,1020,1451,F,787,TX,4.55,14.53
2011-11-26,1020,1451,F,787,TX,6.93,14
2011-12-03,1020,1451,F,787,TX,3.43,7.55
2011-12-10,1020,1451,F,787,TX,0.63,2.39
2011-12-17,1020,1451,F,787,TX,3.43,7.55
2011-12-24,1020,1451,F,787,TX,4.06,9.94
2011-12-31,1020,1451,F,787,TX,5.18,16.92
2011-01-01,1020,1451,F,229,VA,1.26,5.98
2011-01-08,1020,1451,F,229,VA,0.63,2.99
2011-01-15,1020,1451,F,229,VA,0.63,2.99
2011-01-22,1020,1451,F,229,VA,1.26,5.98
2011-03-12,1020,1451,F,229,VA,1.26,5.98
2011-04-02,1020,1451,F,229,VA,0.63,2.99
2011-04-09,1020,1451,F,229,VA,1.89,8.97
2011-04-23,1020,1451,F,229,VA,0.63,2.99
2011-05-07,1020,1451,F,229,VA,1.26,5.98
2011-06-04,1020,1451,F,229,VA,0.63,2.99
2011-07-23,1020,1451,F,229,VA,0.63,2.99
2011-08-06,1020,1451,F,229,VA,0.63,2.99
2011-08-20,1020,1451,F,229,VA,0.63,2.99
2011-09-03,1020,1451,F,229,VA,1.26,5.98
2011-10-01,1020,1451,F,229,VA,0.63,2.99
2011-10-08,1020,1451,F,229,VA,0.63,2.99
2011-10-22,1020,1451,F,229,VA,1.26,5.98
2011-11-05,1020,1451,F,229,VA,0.63,2.99
2011-11-12,1020,1451,F,229,VA,1.26,5.98
2011-11-19,1020,1451,F,229,VA,0.63,2.99
2011-12-10,1020,1451,F,229,VA,0.63,2.99
2011-01-15,1020,1451,F,231,VA,0.63,2.99
2011-01-22,1020,1451,F,231,VA,0.63,2.99
2011-01-29,1020,1451,F,231,VA,1.26,5.98
2011-02-05,1020,1451,F,231,VA,1.89,8.97
2011-02-12,1020,1451,F,231,VA,1.89,8.97
2011-03-05,1020,1451,F,231,VA,1.89,8.97
2011-03-19,1020,1451,F,231,VA,1.89,8.97
2011-03-26,1020,1451,F,231,VA,2.52,11.96
2011-04-02,1020,1451,F,231,VA,0.63,2.99
2011-04-23,1020,1451,F,231,VA,1.26,5.98
2011-05-14,1020,1451,F,231,VA,1.89,8.97
2011-05-21,1020,1451,F,231,VA,0.63,2.99
2011-05-28,1020,1451,F,231,VA,1.26,5.98
2011-06-18,1020,1451,F,231,VA,0.63,2.99
2011-07-02,1020,1451,F,231,VA,0.63,2.99
2011-07-09,1020,1451,F,231,VA,1.26,5.98
2011-08-06,1020,1451,F,231,VA,1.26,5.98
2011-09-03,1020,1451,F,231,VA,0.63,2.99
2011-10-01,1020,1451,F,231,VA,0.63,2.99
2011-10-08,1020,1451,F,231,VA,1.26,5.98
2011-10-15,1020,1451,F,231,VA,2.52,11.96
2011-10-22,1020,1451,F,231,VA,0.63,2.99
2011-11-26,1020,1451,F,231,VA,1.26,5.98
2011-12-03,1020,1451,F,231,VA,1.26,4.24
2011-12-10,1020,1451,F,231,VA,0.63,2.99
2011-12-31,1020,1451,F,231,VA,0.63,2.99
2011-01-01,1020,1451,F,232,VA,0.63,2.99
2011-01-08,1020,1451,F,232,VA,4.41,20.93
2011-01-15,1020,1451,F,232,VA,3.15,14.95
2011-01-22,1020,1451,F,232,VA,0.63,2.99
2011-01-29,1020,1451,F,232,VA,0.63,2.99
2011-02-05,1020,1451,F,232,VA,1.26,5.98
2011-03-05,1020,1451,F,232,VA,1.26,5.98
2011-03-12,1020,1451,F,232,VA,0.63,2.99
2011-03-19,1020,1451,F,232,VA,1.26,5.98
2011-03-26,1020,1451,F,232,VA,0.63,2.99
2011-04-09,1020,1451,F,232,VA,0.63,2.99
2011-04-16,1020,1451,F,232,VA,0.63,2.99
2011-04-23,1020,1451,F,232,VA,0.63,2.99
2011-05-07,1020,1451,F,232,VA,1.89,8.97
2011-05-14,1020,1451,F,232,VA,0.63,2.99
2011-05-21,1020,1451,F,232,VA,0.63,2.99
2011-05-28,1020,1451,F,232,VA,1.26,5.98
2011-06-11,1020,1451,F,232,VA,1.26,5.98
2011-06-18,1020,1451,F,232,VA,1.89,5.97
2011-06-25,1020,1451,F,232,VA,1.89,4.47
2011-07-02,1020,1451,F,232,VA,1.89,8.97
2011-07-09,1020,1451,F,232,VA,1.26,5.98
2011-08-13,1020,1451,F,232,VA,1.89,8.97
2011-08-27,1020,1451,F,232,VA,0.63,2.99
2011-09-03,1020,1451,F,232,VA,0.63,2.99
2011-09-17,1020,1451,F,232,VA,1.26,5.98
2011-09-24,1020,1451,F,232,VA,1.89,8.97
2011-10-08,1020,1451,F,232,VA,0.63,2.99
2011-10-15,1020,1451,F,232,VA,0.63,2.99
2011-10-22,1020,1451,F,232,VA,0.63,2.99
2011-11-05,1020,1451,F,232,VA,1.26,5.98
2011-11-12,1020,1451,F,232,VA,0.63,2.99
2011-11-19,1020,1451,F,232,VA,1.26,5.98
2011-11-26,1020,1451,F,232,VA,0.63,2.99
2011-12-03,1020,1451,F,232,VA,1.26,5.98
2011-12-24,1020,1451,F,232,VA,0.63,2.99
2011-12-31,1020,1451,F,232,VA,1.26,5.98
2011-02-26,1020,1451,F,234,VA,0.63,2.99
2011-09-17,1020,1451,F,234,VA,0.63,2.99
2011-10-01,1020,1451,F,234,VA,0.63,2.99
2011-01-15,1020,1451,F,240,VA,0.63,2.99
2011-03-26,1020,1451,F,240,VA,0.63,2.99
2011-04-16,1020,1451,F,240,VA,0.63,2.99
2011-08-06,1020,1451,F,240,VA,0.63,2.99
2011-08-13,1020,1451,F,240,VA,1.26,4.48
2011-01-01,1020,1451,F,241,VA,0.63,2.99
2011-01-22,1020,1451,F,241,VA,0.63,2.99
2011-03-05,1020,1451,F,241,VA,0.63,2.99
2011-07-16,1020,1451,F,241,VA,1.26,2.98
2011-02-05,1020,1451,F,244,VA,0.63,2.99
2011-03-12,1020,1451,F,244,VA,0.63,2.99
2011-04-09,1020,1451,F,244,VA,0.63,2.99
2011-05-07,1020,1451,F,244,VA,0.63,2.99
2011-05-14,1020,1451,F,244,VA,0.63,2.99
2011-07-23,1020,1451,F,244,VA,0.63,2.99
2011-08-13,1020,1451,F,244,VA,0.63,2.99
2011-08-20,1020,1451,F,244,VA,0.63,2.99
2011-10-22,1020,1451,F,244,VA,0.63,2.99
2011-10-29,1020,1451,F,244,VA,1.89,8.97
2011-11-19,1020,1451,F,244,VA,1.26,5.98
2011-11-26,1020,1451,F,244,VA,0.63,2.99
2011-12-03,1020,1451,F,244,VA,1.26,5.98
2011-12-17,1020,1451,F,244,VA,0.63,2.99
2011-12-24,1020,1451,F,244,VA,0.63,2.99
2011-01-08,1020,1451,F,245,VA,0.63,2.99
2011-01-15,1020,1451,F,245,VA,1.26,5.98
2011-01-22,1020,1451,F,245,VA,1.26,5.98
2011-02-05,1020,1451,F,245,VA,0.63,2.99
2011-04-23,1020,1451,F,245,VA,1.89,8.97
2011-06-25,1020,1451,F,245,VA,0.63,2.99
2011-07-02,1020,1451,F,245,VA,0.63,2.99
2011-07-09,1020,1451,F,245,VA,3.15,14.95
2011-07-30,1020,1451,F,245,VA,0.63,2.99
2011-08-06,1020,1451,F,245,VA,0.63,2.99
2011-08-27,1020,1451,F,245,VA,0.63,2.99
2011-10-22,1020,1451,F,245,VA,0.63,2.99
2011-11-26,1020,1451,F,245,VA,1.26,5.98
